exp,phi_0,dV_ges,eps_0,h_dis_0,h_c_0,lambda,rho_c,rho_d,eta_c,etc_d,sigma,T,r_S_star,h_p_star,D_A,L_A
2mmol_21C,0.0008023947041348,998.4437317152104,0.499859416347493,0.0212301599999999,0.1028011779761904,0.9954670532148652,1002.7,832.5,0.00102,0.008737,0.00822,21,0.009,0.28537,0.2,1.3
2mmol_21C,0.0006914477432014,995.615377184466,0.5002858573287191,0.0135078194444444,0.1089744797101449,0.995130479045555,1002.7,832.5,0.00102,0.008737,0.00822,21,0.009,0.28537,0.2,1.3
2mmol_21C,0.0005959063986898,1000.7094768608416,0.4998987022648924,0.02998275,0.1050202868794326,0.99548964399531,1002.7,832.5,0.00102,0.008737,0.00822,21,0.009,0.28537,0.2,1.3
2mmol_21C,0.0006208865371595,998.9666430420712,0.3995159343372393,0.0322479999999999,0.1011704745762712,0.99503908824322,1002.7,832.5,0.00102,0.008737,0.00822,21,0.009,0.28537,0.2,1.3
2mmol_21C,0.0005994401454037,999.5966291262137,0.400065471279729,0.029244125,0.0976891741071428,0.9949930209900424,1002.7,832.5,0.00102,0.008737,0.00822,21,0.009,0.28537,0.2,1.3
2mmol_21C,0.0006167711764025,1003.6799088996764,0.4003825178051422,0.0224178333333333,0.1005960227272727,0.99511174985265,1002.7,832.5,0.00102,0.008737,0.00822,21,0.009,0.28537,0.2,1.3
2mmol_21C,0.000595618199435,1007.0927,0.300563236353818,0.0265932507936508,0.1001188548809523,0.99476106134038,1002.7,832.5,0.00102,0.008737,0.00822,21,0.009,0.28537,0.2,1.3
2mmol_21C,0.0005789362917708,993.7884747572814,0.2984009489871027,0.032670375,0.0993623094827586,0.994939514846655,1002.7,832.5,0.00102,0.008737,0.00822,21,0.009,0.28537,0.2,1.3
2mmol_21C,0.0004926553371498,993.4503634304208,0.2985951655661972,0.0271058749999999,0.1042170742937852,0.99505433725898,1002.7,832.5,0.00102,0.008737,0.00822,21,0.009,0.28537,0.2,1.3
2mmol_21C,0.0009129270611455,1500.5412996763755,0.500445131587062,0.01793495,0.103834645754717,0.9944570652305,1002.7,832.5,0.00102,0.008737,0.00822,21,0.009,0.28537,0.2,1.3
2mmol_21C,0.000988260121097,1501.1234974110034,0.5000306163135656,0.0157833207142857,0.1058108249160561,0.994077100618315,1002.7,832.5,0.00102,0.008737,0.00822,21,0.009,0.28537,0.2,1.3
2mmol_21C,0.0009436086871729,1500.9938655339804,0.4999866548469191,0.0180016694444444,0.1036156509958071,0.994641999938475,1002.7,832.5,0.00102,0.008737,0.00822,21,0.009,0.28537,0.2,1.3
2mmol_21C,0.0007789416764446,1498.665097249191,0.3998699560252812,0.0359906666666666,0.0986675755813953,0.993969140201415,1002.7,832.5,0.00102,0.008737,0.00822,21,0.009,0.28537,0.2,1.3
2mmol_21C,0.0007810863452648,1499.9132524271845,0.400039438548608,0.036749,0.0958544418300653,0.99411004590473,1002.7,832.5,0.00102,0.008737,0.00822,21,0.009,0.28537,0.2,1.3
2mmol_21C,0.0007418070880366,1500.2152653721682,0.3999397663269279,0.0345381666666666,0.0977668173333333,0.994809069408215,1002.7,832.5,0.00102,0.008737,0.00822,21,0.009,0.28537,0.2,1.3
2mmol_21C,0.0006373718749577,1500.0514666666668,0.2999424985976734,0.0358459999999999,0.1085776496598639,0.9934907380988052,1002.7,832.5,0.00102,0.008737,0.00822,21,0.009,0.28537,0.2,1.3
2mmol_21C,0.0006318123760649,1500.2585396440131,0.3000493519555831,0.0462224333333333,0.1120298641304347,0.99347530254037,1002.7,832.5,0.00102,0.008737,0.00822,21,0.009,0.28537,0.2,1.3
2mmol_21C,0.0005610608327805,1500.6859313106795,0.2999640024223567,0.021848,0.1185301447368421,0.99412199943601,1002.7,832.5,0.00102,0.008737,0.00822,21,0.009,0.28537,0.2,1.3
2mmol_21C,0.0008012816603734,1995.993524919094,0.4997000346357778,0.0258174999999999,0.1018499861111111,0.99330616845947,1002.7,832.5,0.00102,0.008737,0.00822,21,0.009,0.28537,0.2,1.3
2mmol_21C,0.0008100260147542,2004.2110860841424,0.4999611843771681,0.0321846166666666,0.1004303358716475,0.99317713087864,1002.7,832.5,0.00102,0.008737,0.00822,21,0.009,0.28537,0.2,1.3
2mmol_21C,0.000788145947549,2001.9550936893204,0.4999691991802996,0.031879775297619,0.1004338431034482,0.993678973532955,1002.7,832.5,0.00102,0.008737,0.00822,21,0.009,0.28537,0.2,1.3
2mmol_21C,0.0007130227621522,1997.5986572815527,0.3998053135391603,0.0352334166666666,0.1016444847701149,0.99260365367878,1002.7,832.5,0.00102,0.008737,0.00822,21,0.009,0.28537,0.2,1.3
2mmol_21C,0.0006951008675881,2001.264875566344,0.4000326327947462,0.046956,0.0993604538386783,0.99265787007184,1002.7,832.5,0.00102,0.008737,0.00822,21,0.009,0.28537,0.2,1.3
2mmol_21C,0.0007012741622249,1924.43022815534,0.4051928628207774,0.04440175,0.0968169296918767,0.993153507792615,1002.7,832.5,0.00102,0.008737,0.00822,21,0.009,0.28537,0.2,1.3
2mmol_30C,0.0007364548431356,994.2105978964402,0.4998578277590503,0.0176955223423636,0.0949518611586549,0.997114329252345,1000.0,825.4,0.00082,0.00604,0.00817,30,0.0345,0.0175,0.2,1.3
2mmol_30C,0.0007296987643269,997.5086511326864,0.4997038404152173,0.0206519348767174,0.0949085782090629,0.997137009758275,1000.0,825.4,0.00082,0.00604,0.00817,30,0.0345,0.0175,0.2,1.3
2mmol_30C,0.0006966772421709,1007.2579058252428,0.4993896159584967,0.0227573461538461,0.0944429059780955,0.997423514640275,1000.0,825.4,0.00082,0.00604,0.00817,30,0.0345,0.0175,0.2,1.3
2mmol_30C,0.0006423623798983,1000.2610723300968,0.4001097302133258,0.0206700749999999,0.0962459029973012,0.99688044081309,1000.0,825.4,0.00082,0.00604,0.00817,30,0.0345,0.0175,0.2,1.3
2mmol_30C,0.0006801244715163,1003.0110344660196,0.39954061599505,0.0202831363636363,0.0961859455677099,0.996950279615595,1000.0,825.4,0.00082,0.00604,0.00817,30,0.0345,0.0175,0.2,1.3
2mmol_30C,0.0005921618910312,1010.8834139158574,0.4010080216154169,0.0194460933333333,0.0960834018124411,0.9972374784055124,1000.0,825.4,0.00082,0.00604,0.00817,30,0.0345,0.0175,0.2,1.3
2mmol_30C,0.0005939039764155,1008.3396176375406,0.3013749136207246,0.0188418924976769,0.0975758820313974,0.996305754015025,1000.0,825.4,0.00082,0.00604,0.00817,30,0.0345,0.0175,0.2,1.3
2mmol_30C,0.0005836467279991,997.8167071197412,0.2993004752790806,0.0217729280822461,0.0966703513218062,0.996220479654085,1000.0,825.4,0.00082,0.00604,0.00817,30,0.0345,0.0175,0.2,1.3
2mmol_30C,0.0005100275300475,1008.09180987055,0.3016880520601269,0.0173404130434782,0.0966356195913532,0.996785285240405,1000.0,825.4,0.00082,0.00604,0.00817,30,0.0345,0.0175,0.2,1.3
2mmol_30C,0.0008050852352729,1497.0983443365697,0.5001769605944018,0.0234623749999999,0.0925458701718732,0.996422927481725,1000.0,825.4,0.00082,0.00604,0.00817,30,0.0345,0.0175,0.2,1.3
2mmol_30C,0.0007672458443526,1498.859949352751,0.4999585709084858,0.0249653391198602,0.0923786486312712,0.996662276842165,1000.0,825.4,0.00082,0.00604,0.00817,30,0.0345,0.0175,0.2,1.3
2mmol_30C,0.0007061775702968,1497.17051197411,0.4999023241630762,0.0264717894736842,0.0915881531073897,0.997079696448475,1000.0,825.4,0.00082,0.00604,0.00817,30,0.0345,0.0175,0.2,1.3
2mmol_30C,0.0006904907695254,1504.5517301779937,0.3999747016050964,0.0225364532271241,0.0949953651563401,0.9960920485682,1000.0,825.4,0.00082,0.00604,0.00817,30,0.0345,0.0175,0.2,1.3
2mmol_30C,0.0006687262180767,1502.456830420712,0.4003184726158255,0.020575773535145,0.0947937145401698,0.996474030924625,1000.0,825.4,0.00082,0.00604,0.00817,30,0.0345,0.0175,0.2,1.3
2mmol_30C,0.0006088622226469,1501.3290220064728,0.4001649752169859,0.0195516363636363,0.0938508113069608,0.99705042343191,1000.0,825.4,0.00082,0.00604,0.00817,30,0.0345,0.0175,0.2,1.3
2mmol_30C,0.0005863860752068,1499.9206847896442,0.2999933443373162,0.0201404444444444,0.1061826062585562,0.99563458487877,1000.0,825.4,0.00082,0.00604,0.00817,30,0.0345,0.0175,0.2,1.3
2mmol_30C,0.0005874358790448,1500.302083009709,0.3000899949880724,0.0162362857142857,0.1175720113955026,0.995366534154855,1000.0,825.4,0.00082,0.00604,0.00817,30,0.0345,0.0175,0.2,1.3
2mmol_30C,0.000521471974012,1500.3272006472496,0.3002948538790957,0.0166039026190476,0.1266663666666666,0.99604193303064,1000.0,825.4,0.00082,0.00604,0.00817,30,0.0345,0.0175,0.2,1.3
2mmol_30C,0.0007343091392374,2000.66034012945,0.5001268477751134,0.0293205108977978,0.0896745587692625,0.9954325104448152,1000.0,825.4,0.00082,0.00604,0.00817,30,0.0345,0.0175,0.2,1.3
2mmol_30C,0.0006982405401018,2002.427888996764,0.5001117652735263,0.028438299574173,0.0896256687975899,0.99571477479556,1000.0,825.4,0.00082,0.00604,0.00817,30,0.0345,0.0175,0.2,1.3
2mmol_30C,0.0006866661264031,2012.6489729773464,0.500056696668559,0.0254825714285714,0.0891155785829571,0.99630123783228,1000.0,825.4,0.00082,0.00604,0.00817,30,0.0345,0.0175,0.2,1.3
2mmol_30C,0.000603176237173,1999.1543750809064,0.3998377051401653,0.0208286,0.0929496001112313,0.99515984456262,1000.0,825.4,0.00082,0.00604,0.00817,30,0.0345,0.0175,0.2,1.3
2mmol_30C,0.000603759822303,1998.7484207119744,0.3999369976097912,0.0243022499999999,0.0918683199735449,0.995315426395265,1000.0,825.4,0.00082,0.00604,0.00817,30,0.0345,0.0175,0.2,1.3
2mmol_30C,0.0007242331073349,1011.6585430420712,0.504979028708319,0.0220872496118012,0.0942909468611774,0.99732675572559,1000.0,825.4,0.00082,0.00604,0.00817,30,0.0345,0.0175,0.2,1.3
5mmol_30C,0.0008117547063587,1501.9258126213592,0.5000818970195468,0.0285588127536231,0.0919156708572448,0.996591877794965,1000.0,825.4,0.00082,0.00604,0.00817,30,0.0407,0.02525,0.2,1.3
5mmol_30C,0.0007966390999504,1500.334628964401,0.5000198842824538,0.0279231363636363,0.0923053141210075,0.99680655449704,1000.0,825.4,0.00082,0.00604,0.00817,30,0.0407,0.02525,0.2,1.3
5mmol_30C,0.0007590087138789,1500.5494200647252,0.500010123654397,0.0248875106126482,0.0917711615279346,0.99714199399355,1000.0,825.4,0.00082,0.00604,0.00817,30,0.0407,0.02525,0.2,1.3
5mmol_30C,0.0007509614602845,1745.095887864078,0.4999985990981722,0.0273363758169934,0.0909490017233553,0.996544150620315,1000.0,825.4,0.00082,0.00604,0.00817,30,0.0407,0.02525,0.2,1.3
5mmol_30C,0.0007633226363208,1753.0507844660196,0.5000619873084838,0.0252499999999999,0.091166435262849,0.996449465875175,1000.0,825.4,0.00082,0.00604,0.00817,30,0.0407,0.02525,0.2,1.3
5mmol_30C,0.0007237065922161,1752.5926156148869,0.5000206913903865,0.0296995555555555,0.0902627329055107,0.9968811040416752,1000.0,825.4,0.00082,0.00604,0.00817,30,0.0407,0.02525,0.2,1.3
5mmol_30C,0.0007010741006407,1997.359583656958,0.4998143566402278,0.0284913065501563,0.0896844432683817,0.995889461064805,1000.0,825.4,0.00082,0.00604,0.00817,30,0.0407,0.02525,0.2,1.3
5mmol_30C,0.0007120618632726,2001.8471817152104,0.5000827034621824,0.0279600216234558,0.0899560891816812,0.995121066811345,1000.0,825.4,0.00082,0.00604,0.00817,30,0.0407,0.02525,0.2,1.3
5mmol_30C,0.0006993127990688,2002.0892852750808,0.4999276957788316,0.0274822312865497,0.0897255412945204,0.99537566241253,1000.0,825.4,0.00082,0.00604,0.00817,30,0.0407,0.02525,0.2,1.3
5mmol_30C,0.000773049790394,1755.0430533980582,0.500060052266506,0.0268797424836935,0.0910264387762927,0.99541208294273,1000.0,825.4,0.00082,0.00604,0.00817,30,0.0407,0.02525,0.2,1.3
5mmol_30C,0.0007720102453184,1755.3808380258902,0.5000675002386243,0.0272854210526315,0.0909025755575749,0.995884471587835,1000.0,825.4,0.00082,0.00604,0.00817,30,0.0407,0.02525,0.2,1.3
5mmol_30C,0.0007286691457857,1748.3470315533982,0.5000059214245568,0.025060091794437,0.0907990869122648,0.996688160948745,1000.0,825.4,0.00082,0.00604,0.00817,30,0.0407,0.02525,0.2,1.3
5mmol_30C,0.0007755897557256,1481.648260194175,0.4998127210796813,0.0250004545454545,0.0918681504117716,0.99662434269545,1000.0,825.4,0.00082,0.00604,0.00817,30,0.0407,0.02525,0.2,1.3
5mmol_30C,0.0007639245403101,1499.6948090614892,0.5000327275873587,0.0245854941783807,0.0919872441642052,0.99689771250645,1000.0,825.4,0.00082,0.00604,0.00817,30,0.0407,0.02525,0.2,1.3
5mmol_30C,0.000726548162323,1455.6305834951456,0.4969214841976195,0.0251155714285714,0.0917116640878242,0.99718670071854,1000.0,825.4,0.00082,0.00604,0.00817,30,0.0407,0.02525,0.2,1.3
5mmol_30C,0.0007222288630549,999.6381778317152,0.4998800844015436,0.016913990864178,0.094883205542317,0.996081839904685,1000.0,825.4,0.00082,0.00604,0.00817,30,0.0407,0.02525,0.2,1.3
5mmol_30C,0.000712445421405,999.6446792880256,0.4999135834534953,0.0187606897606439,0.094884389901383,0.997047787475995,1000.0,825.4,0.00082,0.00604,0.00817,30,0.0407,0.02525,0.2,1.3
5mmol_30C,0.0007124508366655,1001.9084367313916,0.5000228962922861,0.0225383564022732,0.094996779046925,0.99735047717048,1000.0,825.4,0.00082,0.00604,0.00817,30,0.0407,0.02525,0.2,1.3
5mmol_30C,0.0007342130950554,999.5281449838188,0.4996571252052157,0.0218723146859903,0.0944416993400332,0.9974264299477,1000.0,825.4,0.00082,0.00604,0.00817,30,0.0407,0.02525,0.2,1.3
5mmol_30C,0.0007456415471687,998.9341648867317,0.499917070858734,0.0204209737247824,0.0942047449115265,0.9973558898372376,1000.0,825.4,0.00082,0.00604,0.00817,30,0.0407,0.02525,0.2,1.3
5mmol_30C,0.0007536151612868,1000.183129449838,0.5000152268152747,0.0181115674909547,0.0952395080300897,0.99718886461357,1000.0,825.4,0.00082,0.00604,0.00817,30,0.0407,0.02525,0.2,1.3
5mmol_30C,0.000665051264792,993.5760686084144,0.399215879202942,0.0172163435953432,0.0956980763169137,0.996876965569305,1000.0,825.4,0.00082,0.00604,0.00817,30,0.0407,0.02525,0.2,1.3
5mmol_30C,0.0006337210994304,996.2387881877024,0.3990668618965361,0.0187899336804692,0.0962787139480833,0.9968752688018,1000.0,825.4,0.00082,0.00604,0.00817,30,0.0407,0.02525,0.2,1.3
5mmol_30C,0.000618759226943,996.5608033980584,0.3998983127345418,0.0220250928422431,0.095364194522213,0.99719761947756,1000.0,825.4,0.00082,0.00604,0.00817,30,0.0407,0.02525,0.2,1.3
5mmol_30C,0.0006201287655989,991.6847318770228,0.399288211823106,0.0212802082564898,0.0954412654831947,0.99719432460975,1000.0,825.4,0.00082,0.00604,0.00817,30,0.0407,0.02525,0.2,1.3
5mmol_30C,0.0006511336479399,994.057367475728,0.3995075648891827,0.0210742038826126,0.0954457996767075,0.996994143352695,1000.0,825.4,0.00082,0.00604,0.00817,30,0.0407,0.02525,0.2,1.3
5mmol_30C,0.0006668875237923,981.9675893203884,0.3987742418212348,0.0230661897934173,0.0951029747052987,0.9964121989654,1000.0,825.4,0.00082,0.00604,0.00817,30,0.0407,0.02525,0.2,1.3
5mmol_30C,0.000578923014204,998.3289378640776,0.2996385913823614,0.0189740153278122,0.0978638372823891,0.9958885228014,1000.0,825.4,0.00082,0.00604,0.00817,30,0.0407,0.02525,0.2,1.3
5mmol_30C,0.0005684442129561,1000.0322270226536,0.2999615892962858,0.0194626022035726,0.0973140920591429,0.99588804673216,1000.0,825.4,0.00082,0.00604,0.00817,30,0.0407,0.02525,0.2,1.3
5mmol_30C,0.0005518388452312,1017.0045302589,0.304068313653216,0.0205647467445054,0.0973070751836161,0.99622264817414,1000.0,825.4,0.00082,0.00604,0.00817,30,0.0407,0.02525,0.2,1.3
5mmol_30C,0.000527850926748,1005.8808257281552,0.3008928192217805,0.0199415809500805,0.0973348729332089,0.996099531550315,1000.0,825.4,0.00082,0.00604,0.00817,30,0.0407,0.02525,0.2,1.3
5mmol_30C,0.0005450924591507,988.7087166666668,0.2974220127715177,0.0221268397693367,0.095757469405271,0.995258298086465,1000.0,825.4,0.00082,0.00604,0.00817,30,0.0407,0.02525,0.2,1.3
5mmol_30C,0.0005584195898134,995.9549927184466,0.2993429477383637,0.0213423668233673,0.0957677839520416,0.99497245643305,1000.0,825.4,0.00082,0.00604,0.00817,30,0.0407,0.02525,0.2,1.3
5mmol_30C,0.0008166276771361,1492.737847734628,0.5002581373233586,0.0293597828103573,0.0924751981811414,0.9953377316575,1000.0,825.4,0.00082,0.00604,0.00817,30,0.0407,0.02525,0.2,1.3
5mmol_30C,0.0008248053106537,1503.4189873786406,0.5001858692476343,0.0285188039473684,0.0920610760776986,0.9956380682934324,1000.0,825.4,0.00082,0.00604,0.00817,30,0.0407,0.02525,0.2,1.3
5mmol_30C,0.000760009774362,1496.9949711974111,0.5000463688624589,0.0279079827075098,0.0921534987853743,0.996735592121795,1000.0,825.4,0.00082,0.00604,0.00817,30,0.0407,0.02525,0.2,1.3
5mmol_30C,0.000743564696631,1505.5645559870547,0.500495950648339,0.0266735,0.0912814435627857,0.997083180633975,1000.0,825.4,0.00082,0.00604,0.00817,30,0.0407,0.02525,0.2,1.3
5mmol_30C,0.0007922469946381,1501.1022676375403,0.5000376417189348,0.0274689190680406,0.091722808605907,0.9971371972259552,1000.0,825.4,0.00082,0.00604,0.00817,30,0.0407,0.02525,0.2,1.3
5mmol_30C,0.0008597511257575,1494.6736364077672,0.500000991222702,0.0278488103063729,0.0919344198482377,0.99697522545877,1000.0,825.4,0.00082,0.00604,0.00817,30,0.0407,0.02525,0.2,1.3
5mmol_30C,0.000702357924,1507.2662773462782,0.4007760222096735,0.023096966017316,0.0952465307791789,0.995361075392015,1000.0,825.4,0.00082,0.00604,0.00817,30,0.0407,0.02525,0.2,1.3
5mmol_30C,0.0006739969661045,1497.847150161812,0.399699581681616,0.0257901176470588,0.0948400912507254,0.995858208229205,1000.0,825.4,0.00082,0.00604,0.00817,30,0.0407,0.02525,0.2,1.3
5mmol_30C,0.0006124749503582,1494.3701988673138,0.3997082354001131,0.0266947476190476,0.0945961238813769,0.996836106865115,1000.0,825.4,0.00082,0.00604,0.00817,30,0.0407,0.02525,0.2,1.3
5mmol_30C,0.0005941139520853,1495.0960842233012,0.3995810259957853,0.0162762,0.094314624340542,0.99700929400959,1000.0,825.4,0.00082,0.00604,0.00817,30,0.0407,0.02525,0.2,1.3
5mmol_30C,0.0006146643982478,1502.4972682847897,0.4001733698430174,0.0223725588235294,0.0947770954033861,0.996918178858745,1000.0,825.4,0.00082,0.00604,0.00817,30,0.0407,0.02525,0.2,1.3
5mmol_30C,0.0006616289586953,1504.5464084142395,0.4007476975137385,0.022298870215311,0.0948525038211058,0.99641502023065,1000.0,825.4,0.00082,0.00604,0.00817,30,0.0407,0.02525,0.2,1.3
5mmol_30C,0.0005981329939533,1499.6873250809062,0.3001388543249567,0.0204605020733896,0.1058156222391651,0.995003088590295,1000.0,825.4,0.00082,0.00604,0.00817,30,0.0407,0.02525,0.2,1.3
5mmol_30C,0.0005815989489723,1499.466933171521,0.3005041270697411,0.0334353405797101,0.1149419132183908,0.9950183813896252,1000.0,825.4,0.00082,0.00604,0.00817,30,0.0407,0.02525,0.2,1.3
5mmol_30C,0.0005261693762876,1500.0874121359227,0.3000712513350623,0.0143961999999999,0.1291531089351852,0.995254157147415,1000.0,825.4,0.00082,0.00604,0.00817,30,0.0407,0.02525,0.2,1.3
5mmol_30C,0.0005049848548448,1499.7408289644015,0.3000416437648256,0.0240237142857143,0.1352097211904762,0.99556296174162,1000.0,825.4,0.00082,0.00604,0.00817,30,0.0407,0.02525,0.2,1.3
5mmol_30C,0.0005113940611184,1499.810570388349,0.3000029898914364,0.0203558759259259,0.1418719722222222,0.99528549724182,1000.0,825.4,0.00082,0.00604,0.00817,30,0.0407,0.02525,0.2,1.3
5mmol_30C,0.0005366945668087,1499.8421079288028,0.300058331426731,0.0244046811403508,0.1489718154166666,0.995027041286435,1000.0,825.4,0.00082,0.00604,0.00817,30,0.0407,0.02525,0.2,1.3
5mmol_30C,0.0007174961282571,2009.693962783172,0.5005046788984902,0.0281631045249074,0.0885460121035764,0.99512501812437,1000.0,825.4,0.00082,0.00604,0.00817,30,0.0407,0.02525,0.2,1.3
5mmol_30C,0.0007068466092686,2002.7472496763755,0.5001148254173846,0.0301751709956709,0.0896430990523801,0.99515193823655,1000.0,825.4,0.00082,0.00604,0.00817,30,0.0407,0.02525,0.2,1.3
5mmol_30C,0.0006939171152015,2000.3862410194167,0.4999614186998627,0.0339034977375565,0.0891055026027846,0.9957305376515976,1000.0,825.4,0.00082,0.00604,0.00817,30,0.0407,0.02525,0.2,1.3
5mmol_30C,0.0006811718052369,1999.619482200648,0.4999888168292414,0.0301781104573627,0.088787928779962,0.9963968562158,1000.0,825.4,0.00082,0.00604,0.00817,30,0.0407,0.02525,0.2,1.3
5mmol_30C,0.000678728019379,2005.000489482201,0.4998390592137405,0.0286877269345238,0.0886173953280062,0.99659319346041,1000.0,825.4,0.00082,0.00604,0.00817,30,0.0407,0.02525,0.2,1.3
5mmol_30C,0.0007195012174206,2002.904056472492,0.5001287124685687,0.0284052637942896,0.0898078039750305,0.996352811486055,1000.0,825.4,0.00082,0.00604,0.00817,30,0.0407,0.02525,0.2,1.3
5mmol_30C,0.0006157588009069,1999.9767121359223,0.4000157932192502,0.0325790625,0.0930523826118326,0.9950587624829,1000.0,825.4,0.00082,0.00604,0.00817,30,0.0407,0.02525,0.2,1.3
5mmol_30C,0.0006038981533105,1999.767779449838,0.4001133519911671,0.0274064285714285,0.0909734944594757,0.99509255661557,1000.0,825.4,0.00082,0.00604,0.00817,30,0.0407,0.02525,0.2,1.3
5mmol_30C,0.0005728423104538,2000.406158576052,0.4000226752200096,0.0331929333333333,0.0893420750756188,0.99545406275298,1000.0,825.4,0.00082,0.00604,0.00817,30,0.0407,0.02525,0.2,1.3
5mmol_30C,0.0005555687172893,1999.5583969255665,0.3999507219445986,0.0305166904761904,0.089309071276455,0.99639770352038,1000.0,825.4,0.00082,0.00604,0.00817,30,0.0407,0.02525,0.2,1.3
5mmol_30C,0.0005621593437695,1999.149445307444,0.3999120622415775,0.0335947999999999,0.0887784420891726,0.996517043040455,1000.0,825.4,0.00082,0.00604,0.00817,30,0.0407,0.02525,0.2,1.3
10mmol_21C,0.0005440872225866,741.13801618123,0.2984620911048791,0.0367717875821294,0.0912289828454878,0.987976000122905,1002.7,832.5,0.00102,0.008737,0.00822,21,0.0091,0.2655,0.2,1.3
10mmol_21C,0.0004583603283986,755.301383171521,0.3022250649761572,0.0438515833333333,0.0927069826534576,0.98623582737495,1002.7,832.5,0.00102,0.008737,0.00822,21,0.0091,0.2655,0.2,1.3
10mmol_21C,0.0003023076274532,739.6016637540453,0.2968349745331371,0.0359840504690711,0.099475516040626,0.984706579200455,1002.7,832.5,0.00102,0.008737,0.00822,21,0.0091,0.2655,0.2,1.3
10mmol_21C,0.0002046213415225,743.1017009708738,0.2970189337498062,0.036558696579767,0.096633421772348,0.9875088840063,1002.7,832.5,0.00102,0.008737,0.00822,21,0.0091,0.2655,0.2,1.3
10mmol_21C,0.0005219371282862,747.956947249191,0.4003607098580101,0.0326036959641665,0.0895013968278943,0.986685247529235,1002.7,832.5,0.00102,0.008737,0.00822,21,0.0091,0.2655,0.2,1.3
10mmol_21C,0.0004492766548342,749.9740259708739,0.3997649188665625,0.0323960715867465,0.0950012538648851,0.9865326317251224,1002.7,832.5,0.00102,0.008737,0.00822,21,0.0091,0.2655,0.2,1.3
10mmol_21C,0.0002854639954735,741.2064012944985,0.3990492434544099,0.0306833576758558,0.1060141961937599,0.988840394478615,1002.7,832.5,0.00102,0.008737,0.00822,21,0.0091,0.2655,0.2,1.3
10mmol_21C,0.0002419408212963,750.2078220064725,0.4000233873841091,0.0298945461769795,0.1067902848870117,0.991715267468385,1002.7,832.5,0.00102,0.008737,0.00822,21,0.0091,0.2655,0.2,1.3
10mmol_21C,0.0006572570562149,748.3678846278316,0.5033393948738957,0.0251489775503957,0.0926605819372294,0.991089184000835,1002.7,832.5,0.00102,0.008737,0.00822,21,0.0091,0.2655,0.2,1.3
10mmol_21C,0.000528083822081,758.1221101941748,0.5003588750515224,0.0360524215926443,0.0993960298027311,0.990594495026855,1002.7,832.5,0.00102,0.008737,0.00822,21,0.0091,0.2655,0.2,1.3
10mmol_21C,0.0003591505499462,742.2261453074431,0.4984043844543479,0.0340009276556776,0.1086002434804079,0.991422648303335,1002.7,832.5,0.00102,0.008737,0.00822,21,0.0091,0.2655,0.2,1.3
10mmol_21C,0.0003112803927799,749.9297278317154,0.4998810103013865,0.032927251173913,0.1077239627466643,0.9926867192819476,1002.7,832.5,0.00102,0.008737,0.00822,21,0.0091,0.2655,0.2,1.3
10mmol_21C,0.0004784168893922,1001.5883724919096,0.3005303259366007,0.0361702027981144,0.1032385962279659,0.98986619881514,1002.7,832.5,0.00102,0.008737,0.00822,21,0.0091,0.2655,0.2,1.3
10mmol_21C,0.0004995601894158,999.2889087378642,0.2997759602836842,0.0346288446372961,0.102442293110324,0.98873874537083,1002.7,832.5,0.00102,0.008737,0.00822,21,0.0091,0.2655,0.2,1.3
10mmol_21C,0.0003212682292866,1004.3249354368932,0.3011834807187142,0.0309896669467787,0.1092973916720384,0.98686360175164,1002.7,832.5,0.00102,0.008737,0.00822,21,0.0091,0.2655,0.2,1.3
10mmol_21C,0.0002702057278513,1000.556020711974,0.2998265897260206,0.0325945561950111,0.1073269582859635,0.98819534440021,1002.7,832.5,0.00102,0.008737,0.00822,21,0.0091,0.2655,0.2,1.3
10mmol_21C,0.0004966120375372,1010.3389292880258,0.4011250933810716,0.0379169008805659,0.1005753935331335,0.987470953559605,1002.7,832.5,0.00102,0.008737,0.00822,21,0.0091,0.2655,0.2,1.3
10mmol_21C,0.0005381989627644,992.5987236245954,0.4001307685218748,0.0383755500214528,0.1000126402384421,0.98553341557815,1002.7,832.5,0.00102,0.008737,0.00822,21,0.0091,0.2655,0.2,1.3
10mmol_21C,0.0003548047101018,1005.6671406148866,0.399870461776625,0.0346753894151303,0.1107346522868567,0.989342053056935,1002.7,832.5,0.00102,0.008737,0.00822,21,0.0091,0.2655,0.2,1.3
10mmol_21C,0.0003049797877975,998.632776537217,0.3998395136156908,0.0349507763888888,0.1096418063465007,0.9916290576190552,1002.7,832.5,0.00102,0.008737,0.00822,21,0.0091,0.2655,0.2,1.3
10mmol_21C,0.0005716143696077,1012.474803236246,0.4998021303221964,0.0373105142196067,0.1003843423818311,0.99024710107406,1002.7,832.5,0.00102,0.008737,0.00822,21,0.0091,0.2655,0.2,1.3
10mmol_21C,0.0006178757628905,988.0668846278318,0.5000282054412915,0.0380948110894506,0.0995159044639388,0.9904791018864452,1002.7,832.5,0.00102,0.008737,0.00822,21,0.0091,0.2655,0.2,1.3
10mmol_21C,0.0004341091151554,985.6111681229772,0.4978419005153308,0.0370691407407407,0.1100140092592592,0.991553294159525,1002.7,832.5,0.00102,0.008737,0.00822,21,0.0091,0.2655,0.2,1.3
10mmol_21C,0.0003790554579071,1001.5031786407768,0.4992697797771477,0.0325606276371355,0.1087437095440017,0.992873213394185,1002.7,832.5,0.00102,0.008737,0.00822,21,0.0091,0.2655,0.2,1.3
10mmol_21C,0.000501531907948,1249.4237988673135,0.2999945271836942,0.0336789956488967,0.1094972294564306,0.98667479836442,1002.7,832.5,0.00102,0.008737,0.00822,21,0.0091,0.2655,0.2,1.3
10mmol_21C,0.0005039226202276,1251.817605339806,0.2994803439066697,0.0352095444444444,0.1097793018518518,0.9824431866243,1002.7,832.5,0.00102,0.008737,0.00822,21,0.0091,0.2655,0.2,1.3
10mmol_21C,0.0003478200915764,1249.9720524271845,0.2999961854159247,0.0374498993055555,0.1097543914445277,0.982413637956245,1002.7,832.5,0.00102,0.008737,0.00822,21,0.0091,0.2655,0.2,1.3
10mmol_21C,0.0002761222668056,1249.9055754045307,0.3000566116831281,0.0371610404761904,0.1110067059710197,0.98415804846044,1002.7,832.5,0.00102,0.008737,0.00822,21,0.0091,0.2655,0.2,1.3
10mmol_21C,0.0005403654015691,1253.8113438511327,0.4005068668478256,0.0389790031464306,0.0981306688266907,0.983473704786305,1002.7,832.5,0.00102,0.008737,0.00822,21,0.0091,0.2655,0.2,1.3
10mmol_21C,0.0005248072580817,1254.1137689320387,0.4010629984931583,0.0312365110545115,0.1049000156969419,0.983833243129745,1002.7,832.5,0.00102,0.008737,0.00822,21,0.0091,0.2655,0.2,1.3
10mmol_21C,0.0003907492864282,1237.241982686084,0.3988157010564566,0.0332253333333333,0.1089464393586968,0.98549623777719,1002.7,832.5,0.00102,0.008737,0.00822,21,0.0091,0.2655,0.2,1.3
10mmol_21C,0.0003308491945632,1239.4632069579286,0.3991156514589274,0.0365192499444999,0.1087117456156806,0.989214706385245,1002.7,832.5,0.00102,0.008737,0.00822,21,0.0091,0.2655,0.2,1.3
10mmol_21C,0.0005667895311992,1252.3446885113271,0.5016368110677768,0.0370397495670995,0.0983363623051948,0.98646613573652,1002.7,832.5,0.00102,0.008737,0.00822,21,0.0091,0.2655,0.2,1.3
10mmol_21C,0.0006009772887554,1240.939848867314,0.4994254083236683,0.0368776144340844,0.0982481758635577,0.984129437130785,1002.7,832.5,0.00102,0.008737,0.00822,21,0.0091,0.2655,0.2,1.3
10mmol_21C,0.000483270054663,1254.4076932038836,0.5005633104001268,0.0334962348330835,0.1029685579862267,0.98515882123666,1002.7,832.5,0.00102,0.008737,0.00822,21,0.0091,0.2655,0.2,1.3
10mmol_21C,0.000492745031527,750.251785275081,0.2998887776243301,0.0331348302253302,0.1001961364413364,0.9893869441662552,1002.7,832.5,0.00102,0.008737,0.00822,21,0.0091,0.2655,0.2,1.3
10mmol_21C,0.0003265834274305,741.6100453074433,0.2981917846974063,0.0332430964399357,0.1044110477638102,0.98514950396963,1002.7,832.5,0.00102,0.008737,0.00822,21,0.0091,0.2655,0.2,1.3
10mmol_21C,0.000225011221792,745.828320064725,0.2983079623224774,0.0285244246539456,0.107690772888492,0.987007133235815,1002.7,832.5,0.00102,0.008737,0.00822,21,0.0091,0.2655,0.2,1.3
10mmol_21C,0.0005082237899427,748.8063904530746,0.3999806426831228,0.0283743633985963,0.0979091554236504,0.98826965251854,1002.7,832.5,0.00102,0.008737,0.00822,21,0.0091,0.2655,0.2,1.3
10mmol_21C,0.0003855416069167,761.3440655339807,0.4014278417353744,0.0324186155313962,0.1044106286137242,0.98687706057439,1002.7,832.5,0.00102,0.008737,0.00822,21,0.0091,0.2655,0.2,1.3
10mmol_21C,0.0002781762094385,751.4093995145631,0.4007386856275455,0.0292331418596376,0.1083530292661149,0.989962295426245,1002.7,832.5,0.00102,0.008737,0.00822,21,0.0091,0.2655,0.2,1.3
10mmol_21C,0.0005782933980929,750.8784103559873,0.4993242549235969,0.0223361030159106,0.0991116087010211,0.990089354113045,1002.7,832.5,0.00102,0.008737,0.00822,21,0.0091,0.2655,0.2,1.3
10mmol_21C,0.0004497913851651,757.1490030744336,0.4996544677693145,0.0350489932971253,0.1030494414494995,0.990318912603895,1002.7,832.5,0.00102,0.008737,0.00822,21,0.0091,0.2655,0.2,1.3
10mmol_21C,0.000338768589301,750.0573318770226,0.4998945759319324,0.0325065256933926,0.1083978838287066,0.99176721914087,1002.7,832.5,0.00102,0.008737,0.00822,21,0.0091,0.2655,0.2,1.3
10mmol_21C,0.0005052383009402,1001.3647012944984,0.3002836369131649,0.0328561095970859,0.1023985805628654,0.98719923673254,1002.7,832.5,0.00102,0.008737,0.00822,21,0.0091,0.2655,0.2,1.3
10mmol_21C,0.0003778583721574,999.6735996763754,0.3000692495189598,0.0289380522212634,0.1081831920785009,0.9857914434103876,1002.7,832.5,0.00102,0.008737,0.00822,21,0.0091,0.2655,0.2,1.3
10mmol_21C,0.0002855497764914,999.080268608414,0.3000383660087893,0.0297161915584415,0.1078116466606349,0.98662200092903,1002.7,832.5,0.00102,0.008737,0.00822,21,0.0091,0.2655,0.2,1.3
10mmol_21C,0.0004701113274373,1010.0988985436892,0.401582726137412,0.0352634364874837,0.1011652981383431,0.98634472389691,1002.7,832.5,0.00102,0.008737,0.00822,21,0.0091,0.2655,0.2,1.3
10mmol_21C,0.0004271328750116,993.2031779935276,0.3993369898111566,0.0329184172294966,0.1043799644376919,0.9855108254143752,1002.7,832.5,0.00102,0.008737,0.00822,21,0.0091,0.2655,0.2,1.3
10mmol_21C,0.0003382368120738,1001.6612914239485,0.4000531536903551,0.0306400584068073,0.1081522252193807,0.990145451966275,1002.7,832.5,0.00102,0.008737,0.00822,21,0.0091,0.2655,0.2,1.3
10mmol_21C,0.0005706342000112,1013.3289938511329,0.5004104597675806,0.0324451484260839,0.1002474349072494,0.9888675005168,1002.7,832.5,0.00102,0.008737,0.00822,21,0.0091,0.2655,0.2,1.3
10mmol_21C,0.0005262367086694,1000.3368470873786,0.499900659385333,0.0415812052045312,0.0999012266475797,0.9900892623833824,1002.7,832.5,0.00102,0.008737,0.00822,21,0.0091,0.2655,0.2,1.3
10mmol_21C,0.0003876667320474,1002.1951205501616,0.5001197656289951,0.0286427805611055,0.1082577470060494,0.991696632317655,1002.7,832.5,0.00102,0.008737,0.00822,21,0.0091,0.2655,0.2,1.3
10mmol_21C,0.0004846480729366,1249.761606148867,0.3000612387714899,0.0294162134266557,0.1078519281752772,0.984528973923765,1002.7,832.5,0.00102,0.008737,0.00822,21,0.0091,0.2655,0.2,1.3
10mmol_21C,0.0004098226855076,1249.8924546925566,0.3000004405915241,0.0315212248931624,0.1130226560454115,0.981900029855,1002.7,832.5,0.00102,0.008737,0.00822,21,0.0091,0.2655,0.2,1.3
10mmol_21C,0.0003129459508579,1250.318767718447,0.300031660956928,0.0350779983352956,0.1118105034854959,0.98279383196967,1002.7,832.5,0.00102,0.008737,0.00822,21,0.0091,0.2655,0.2,1.3
10mmol_21C,0.0005214448846423,1249.0078045307444,0.4003768441474808,0.0390310640998217,0.0943693331914123,0.98296254301495,1002.7,832.5,0.00102,0.008737,0.00822,21,0.0091,0.2655,0.2,1.3
10mmol_21C,0.0004694787804868,1250.1973383495144,0.3999479347612041,0.0282045338535183,0.0917653811970368,0.9838675990487852,1002.7,832.5,0.00102,0.008737,0.00822,21,0.0091,0.2655,0.2,1.3
10mmol_21C,0.0003424633476564,1198.5055784789645,0.3931468230039325,0.033906946687523,0.093838845739998,0.989367087392255,1002.7,832.5,0.00102,0.008737,0.00822,21,0.0091,0.2655,0.2,1.3
10mmol_21C,0.0005782763539826,1252.670831796117,0.4999555608942891,0.0371985491164818,0.0959859631318627,0.9852560458913624,1002.7,832.5,0.00102,0.008737,0.00822,21,0.0091,0.2655,0.2,1.3
10mmol_21C,0.0005436182849615,1286.2614995145634,0.5014573574199586,0.0324686335868606,0.1018315320227457,0.9859412339408952,1002.7,832.5,0.00102,0.008737,0.00822,21,0.0091,0.2655,0.2,1.3
10mmol_21C,0.0003111564047468,573.8697524271844,0.6361051863838357,0.0329703423680155,0.1023536460674973,0.98919117641639,1002.7,832.5,0.00102,0.008737,0.00822,21,0.0091,0.2655,0.2,1.3
10mmol_30C,0.0004845889814324,750.2953381877022,0.2999697286576142,0.0259966684040959,0.1019206956295787,0.9905664494919252,1000.0,825.4,0.00082,0.00604,0.00817,30,0.0068,0.2733,0.2,1.3
10mmol_30C,0.0004847228470351,750.4714708737864,0.3008699604764603,0.0287633540123618,0.1007288922596847,0.99110169901015,1000.0,825.4,0.00082,0.00604,0.00817,30,0.0068,0.2733,0.2,1.3
10mmol_30C,0.0004244856776194,747.039550970874,0.3002771071781502,0.0337401595576727,0.1019632541312323,0.99112325224332,1000.0,825.4,0.00082,0.00604,0.00817,30,0.0068,0.2733,0.2,1.3
10mmol_30C,0.0003212450697733,756.7846559870549,0.301654369615334,0.0272333787142562,0.1065200839174713,0.99097389045263,1000.0,825.4,0.00082,0.00604,0.00817,30,0.0068,0.2733,0.2,1.3
10mmol_30C,0.0002537658188779,755.4236991909385,0.3004446955422645,0.0206161600378787,0.1107643906599419,0.99178086666464,1000.0,825.4,0.00082,0.00604,0.00817,30,0.0068,0.2733,0.2,1.3
10mmol_30C,0.0002180418826312,753.9525957928803,0.299255712278273,0.0183588666666666,0.1126006364354626,0.992645351979175,1000.0,825.4,0.00082,0.00604,0.00817,30,0.0068,0.2733,0.2,1.3
10mmol_30C,0.0002046924956248,762.5832535598705,0.3002609351386616,0.0216517832062117,0.1081126613059162,0.993208565940225,1000.0,825.4,0.00082,0.00604,0.00817,30,0.0068,0.2733,0.2,1.3
10mmol_30C,0.0005255065038875,768.5286697411003,0.4045673485996233,0.0339822042153093,0.1001204534952737,0.992786907961005,1000.0,825.4,0.00082,0.00604,0.00817,30,0.0068,0.2733,0.2,1.3
10mmol_30C,0.0005362130852398,751.5175953074433,0.4008085715348498,0.0359466893885118,0.099449109123363,0.99253777297267,1000.0,825.4,0.00082,0.00604,0.00817,30,0.0068,0.2733,0.2,1.3
10mmol_30C,0.000473427486043,752.3400855987055,0.3994340619583802,0.0344105585961581,0.1034654053854941,0.992518666377725,1000.0,825.4,0.00082,0.00604,0.00817,30,0.0068,0.2733,0.2,1.3
10mmol_30C,0.0003602257731701,755.7630906957929,0.3990199860608711,0.0269845499852584,0.110368596713114,0.9925817716063324,1000.0,825.4,0.00082,0.00604,0.00817,30,0.0068,0.2733,0.2,1.3
10mmol_30C,0.000265749397629,753.5882322006473,0.4012813566780521,0.0261073834874595,0.1098163239401295,0.99371483690181,1000.0,825.4,0.00082,0.00604,0.00817,30,0.0068,0.2733,0.2,1.3
10mmol_30C,0.000240091034418,749.5468121359224,0.3987089681027888,0.0256534975210902,0.1099137066625583,0.994727839785805,1000.0,825.4,0.00082,0.00604,0.00817,30,0.0068,0.2733,0.2,1.3
10mmol_30C,0.0002216700255873,751.4893686084143,0.4000325307321182,0.0182749445533768,0.1104153270659116,0.99505433725898,1000.0,825.4,0.00082,0.00604,0.00817,30,0.0068,0.2733,0.2,1.3
10mmol_30C,0.0006548935955581,758.7907519417477,0.5010273408874207,0.0391416978671328,0.0990280826864911,0.994292162430805,1000.0,825.4,0.00082,0.00604,0.00817,30,0.0068,0.2733,0.2,1.3
10mmol_30C,0.0006779660883918,752.8593336569579,0.4994994354015802,0.0411884701806791,0.097580384938233,0.99436792434866,1000.0,825.4,0.00082,0.00604,0.00817,30,0.0068,0.2733,0.2,1.3
10mmol_30C,0.0005496791721182,750.0255687702265,0.5001575497961867,0.0411009498582766,0.101830842771164,0.994457816026225,1000.0,825.4,0.00082,0.00604,0.00817,30,0.0068,0.2733,0.2,1.3
10mmol_30C,0.0003989502813254,747.2833242718445,0.4993491807561082,0.0281151383782884,0.1112310756328856,0.994637291046355,1000.0,825.4,0.00082,0.00604,0.00817,30,0.0068,0.2733,0.2,1.3
10mmol_30C,0.0003544279807638,708.8722381877025,0.5028645217248477,0.0259918796545008,0.1085523041852844,0.99583100845718,1000.0,825.4,0.00082,0.00604,0.00817,30,0.0068,0.2733,0.2,1.3
10mmol_30C,0.0003318811846912,729.450145631068,0.4995800242721552,0.0255670702111255,0.1118802785891106,0.99650838653533,1000.0,825.4,0.00082,0.00604,0.00817,30,0.0068,0.2733,0.2,1.3
10mmol_30C,0.0003175108936425,728.9659996763754,0.5031884887823483,0.0258048758316034,0.1101674572894916,0.996876204598525,1000.0,825.4,0.00082,0.00604,0.00817,30,0.0068,0.2733,0.2,1.3
10mmol_30C,0.0005186808817367,996.2166017799352,0.2991904240909241,0.0405196947450697,0.1022062718042605,0.99496530244438,1000.0,825.4,0.00082,0.00604,0.00817,30,0.0068,0.2733,0.2,1.3
10mmol_30C,0.0004900184861833,1000.7560826860844,0.3000354503635074,0.0355390581711938,0.108222651543549,0.993392476976,1000.0,825.4,0.00082,0.00604,0.00817,30,0.0068,0.2733,0.2,1.3
10mmol_30C,0.0005093737353384,998.6851726537216,0.2997178337437997,0.0315202605342574,0.1093128379982055,0.992142001258375,1000.0,825.4,0.00082,0.00604,0.00817,30,0.0068,0.2733,0.2,1.3
10mmol_30C,0.0003655074831256,1000.2010907766992,0.3000035668538947,0.0252023002055705,0.1144497341149158,0.99139601216769,1000.0,825.4,0.00082,0.00604,0.00817,30,0.0068,0.2733,0.2,1.3
10mmol_30C,0.0003012461728352,994.3540998381878,0.2986116990955512,0.0256607763157894,0.1151843022364615,0.991923645194745,1000.0,825.4,0.00082,0.00604,0.00817,30,0.0068,0.2733,0.2,1.3
10mmol_30C,0.0002802418667512,999.5811504854372,0.2998579559405268,0.0239592034564106,0.114170377765945,0.992464171866495,1000.0,825.4,0.00082,0.00604,0.00817,30,0.0068,0.2733,0.2,1.3
10mmol_30C,0.0002714503820347,999.859068446602,0.299809585875943,0.024672979184015,0.1145516059657955,0.992595089674155,1000.0,825.4,0.00082,0.00604,0.00817,30,0.0068,0.2733,0.2,1.3
10mmol_30C,0.0004971628151383,1014.2363153721684,0.3982040285881585,0.0405536884220354,0.1073737508201058,0.9919753631493,1000.0,825.4,0.00082,0.00604,0.00817,30,0.0068,0.2733,0.2,1.3
10mmol_30C,0.0004924659451124,979.4911583063648,0.3989621605485814,0.0379439237830687,0.1067385178835979,0.9909422986540868,1000.0,825.4,0.00082,0.00604,0.00817,30,0.0068,0.2733,0.2,1.3
10mmol_30C,0.0005396252499682,1003.9788281553398,0.3993308259447007,0.0391182002435065,0.1083517127843915,0.9912252204264408,1000.0,825.4,0.00082,0.00604,0.00817,30,0.0068,0.2733,0.2,1.3
10mmol_30C,0.0004202898989495,1002.2878906148868,0.401056010828608,0.0282232882667101,0.1163448450666232,0.9920975761974076,1000.0,825.4,0.00082,0.00604,0.00817,30,0.0068,0.2733,0.2,1.3
10mmol_30C,0.0003306042361861,1007.3848666666668,0.3996617000032158,0.0288352456543456,0.1183245885810023,0.993638410213695,1000.0,825.4,0.00082,0.00604,0.00817,30,0.0068,0.2733,0.2,1.3
10mmol_30C,0.000305844708763,991.9571202265372,0.4014376055471721,0.0274797738095238,0.1198883920171957,0.99448096859304,1000.0,825.4,0.00082,0.00604,0.00817,30,0.0068,0.2733,0.2,1.3
10mmol_30C,0.0002912516086355,992.7799037216828,0.4007095594538025,0.0305623194444444,0.1143297069882894,0.994940267800725,1000.0,825.4,0.00082,0.00604,0.00817,30,0.0068,0.2733,0.2,1.3
10mmol_30C,0.0005680468401787,988.6950896440128,0.5007690617775737,0.0411679632804232,0.1038367025396825,0.994513908329425,1000.0,825.4,0.00082,0.00604,0.00817,30,0.0068,0.2733,0.2,1.3
10mmol_30C,0.0005812634337109,998.7623250809062,0.499775008345779,0.0410365143990929,0.1062823566269841,0.99417366774863,1000.0,825.4,0.00082,0.00604,0.00817,30,0.0068,0.2733,0.2,1.3
10mmol_30C,0.0006216411869671,1003.32875,0.4996793923041856,0.0411564999999999,0.1102206753174603,0.99421630184575,1000.0,825.4,0.00082,0.00604,0.00817,30,0.0068,0.2733,0.2,1.3
10mmol_30C,0.000482121645553,1008.3330263754044,0.4993675423949399,0.0305017437516187,0.1160965684926647,0.99461357730984,1000.0,825.4,0.00082,0.00604,0.00817,30,0.0068,0.2733,0.2,1.3
10mmol_30C,0.0003683225079404,969.4065074433656,0.5009201595397442,0.0298110351063829,0.1224993172222222,0.99508887694568,1000.0,825.4,0.00082,0.00604,0.00817,30,0.0068,0.2733,0.2,1.3
10mmol_30C,0.000327323098417,1000.691120711974,0.4999205277452283,0.0201710814285714,0.1278209700330688,0.996096519734035,1000.0,825.4,0.00082,0.00604,0.00817,30,0.0068,0.2733,0.2,1.3
10mmol_30C,0.0003219624982878,1018.9281355987056,0.4993429704076915,0.0285820255888179,0.1167641581709956,0.996658042785945,1000.0,825.4,0.00082,0.00604,0.00817,30,0.0068,0.2733,0.2,1.3
10mmol_30C,0.0004834306224,1250.5945600323626,0.3000392409154744,0.0292791666666666,0.1147841181379268,0.993019573851985,1000.0,825.4,0.00082,0.00604,0.00817,30,0.0068,0.2733,0.2,1.3
10mmol_30C,0.0004787255592371,1245.6397171521037,0.2990306271401888,0.0258575780830753,0.1095813505597326,0.990807301677155,1000.0,825.4,0.00082,0.00604,0.00817,30,0.0068,0.2733,0.2,1.3
10mmol_30C,0.0004445526234459,1249.8621933656957,0.2998004258551016,0.0268970603333603,0.1085608115807724,0.989568966033485,1000.0,825.4,0.00082,0.00604,0.00817,30,0.0068,0.2733,0.2,1.3
10mmol_30C,0.000384424024929,1252.9574726537217,0.3003526557972085,0.027090680975465,0.1089284335991531,0.98940417053437,1000.0,825.4,0.00082,0.00604,0.00817,30,0.0068,0.2733,0.2,1.3
10mmol_30C,0.0003222864699948,1247.5149932847894,0.299820695059042,0.0265264449343341,0.1109028717323325,0.99013368929436,1000.0,825.4,0.00082,0.00604,0.00817,30,0.0068,0.2733,0.2,1.3
10mmol_30C,0.0002936608272678,1250.663172815534,0.3001265769920134,0.0321508024290524,0.1152264992478355,0.991269329341255,1000.0,825.4,0.00082,0.00604,0.00817,30,0.0068,0.2733,0.2,1.3
10mmol_30C,0.0002724061857744,1242.856379773463,0.2988344364942386,0.0315207193246147,0.1134964395921208,0.9917583693097,1000.0,825.4,0.00082,0.00604,0.00817,30,0.0068,0.2733,0.2,1.3
10mmol_30C,0.0005182263167637,1257.1900920711971,0.4010357642120423,0.0288519812969924,0.1091660276364607,0.9910374649671077,1000.0,825.4,0.00082,0.00604,0.00817,30,0.0068,0.2733,0.2,1.3
10mmol_30C,0.0005044938654299,1246.7277801240562,0.4000450852087745,0.0300984148717948,0.1096664809593225,0.9906893022837684,1000.0,825.4,0.00082,0.00604,0.00817,30,0.0068,0.2733,0.2,1.3
10mmol_30C,0.0005070089646738,1234.0728278317154,0.3988626409941756,0.0349960442087747,0.1092856952575665,0.99073717488976,1000.0,825.4,0.00082,0.00604,0.00817,30,0.0068,0.2733,0.2,1.3
10mmol_30C,0.0004298632094429,1231.823584142395,0.3996590119082572,0.035208625,0.1109491389880952,0.991279683230555,1000.0,825.4,0.00082,0.00604,0.00817,30,0.0068,0.2733,0.2,1.3
10mmol_30C,0.0003467231723018,1250.9434041262136,0.3999961822105571,0.0400585358215358,0.110695898125342,0.992518761344905,1000.0,825.4,0.00082,0.00604,0.00817,30,0.0068,0.2733,0.2,1.3
10mmol_30C,0.0003134673980784,1271.393663106796,0.4005607380883241,0.0303721108323494,0.1131224333358308,0.9937462313472664,1000.0,825.4,0.00082,0.00604,0.00817,30,0.0068,0.2733,0.2,1.3
10mmol_30C,0.0003000890915621,1191.6903708737866,0.3969740034155596,0.0300623444444444,0.112599368095238,0.99375427603166,1000.0,825.4,0.00082,0.00604,0.00817,30,0.0068,0.2733,0.2,1.3
10mmol_30C,0.0005656927681553,1251.6605000000002,0.5001495364582192,0.0321013858974358,0.115201219995983,0.991669149185765,1000.0,825.4,0.00082,0.00604,0.00817,30,0.0068,0.2733,0.2,1.3
10mmol_30C,0.0005663632896642,1249.0383046925565,0.5000937942674392,0.0337900037878787,0.1142986850869501,0.99043759598709,1000.0,825.4,0.00082,0.00604,0.00817,30,0.0068,0.2733,0.2,1.3
10mmol_30C,0.0005578083763625,1261.5367893203886,0.4985199066550231,0.030070326909704,0.1163139771499021,0.99032521466296,1000.0,825.4,0.00082,0.00604,0.00817,30,0.0068,0.2733,0.2,1.3
10mmol_30C,0.0004991528946874,1258.8616605177997,0.4992736391650928,0.0322676275950925,0.1177353954119246,0.99133728360024,1000.0,825.4,0.00082,0.00604,0.00817,30,0.0068,0.2733,0.2,1.3
10mmol_30C,0.0004113950228189,1267.5140689320388,0.4992066141233217,0.0276648874269005,0.1256207294378306,0.993122822910085,1000.0,825.4,0.00082,0.00604,0.00817,30,0.0068,0.2733,0.2,1.3
10mmol_30C,0.0003531612036054,1232.3853432038836,0.4995898547250542,0.0320114714181286,0.1118805032679496,0.995103185848025,1000.0,825.4,0.00082,0.00604,0.00817,30,0.0068,0.2733,0.2,1.3
15mmol_20C,0.0004727031246662,750.3124889967636,0.3005551763941051,0.0299538278596065,0.098189598277417,0.987862585259855,1002.7,832.5,0.00102,0.008737,0.00822,20,0.0101,0.241,0.2,1.3
15mmol_20C,0.0004685275287911,750.3170867313917,0.3003241083272266,0.0326120926757066,0.095314093414109,0.985608897527825,1002.7,832.5,0.00102,0.008737,0.00822,20,0.0101,0.241,0.2,1.3
15mmol_20C,0.0004167923759716,754.3769857605178,0.301244531900514,0.0380663418559731,0.0983696052284888,0.985386590459505,1002.7,832.5,0.00102,0.008737,0.00822,20,0.0101,0.241,0.2,1.3
15mmol_20C,0.0003230636703783,744.0948703883495,0.2990473947854036,0.0357769860642135,0.099846621048396,0.98586998604744,1002.7,832.5,0.00102,0.008737,0.00822,20,0.0101,0.241,0.2,1.3
15mmol_20C,0.0002629359940359,747.9693325242719,0.3004730998110921,0.0280836503731874,0.1060361803397297,0.98826710998813,1002.7,832.5,0.00102,0.008737,0.00822,20,0.0101,0.241,0.2,1.3
15mmol_20C,0.0002280499348397,758.9243321197412,0.301668804629686,0.0291916104208754,0.1072419681094123,0.99028785617769,1002.7,832.5,0.00102,0.008737,0.00822,20,0.0101,0.241,0.2,1.3
15mmol_20C,0.0002093814177582,745.0419092233008,0.2994856625524135,0.0274881217252885,0.1045735463630351,0.991203727986655,1002.7,832.5,0.00102,0.008737,0.00822,20,0.0101,0.241,0.2,1.3
15mmol_20C,0.0005017986649445,749.4538597087378,0.3996849850126962,0.0270758481481481,0.1004592843121692,0.99086395792507,1002.7,832.5,0.00102,0.008737,0.00822,20,0.0101,0.241,0.2,1.3
15mmol_20C,0.000511927370753,739.3311493527508,0.398111109342074,0.0279411826839826,0.0993528466642617,0.990563252057975,1002.7,832.5,0.00102,0.008737,0.00822,20,0.0101,0.241,0.2,1.3
15mmol_20C,0.0004355798959322,743.0640305825242,0.4011683288801164,0.036700076034706,0.1002144072986273,0.99013368867769,1002.7,832.5,0.00102,0.008737,0.00822,20,0.0101,0.241,0.2,1.3
15mmol_20C,0.0003576839365424,751.0799542071197,0.3998100835400423,0.0324240584132723,0.1051384850087181,0.99038761735027,1002.7,832.5,0.00102,0.008737,0.00822,20,0.0101,0.241,0.2,1.3
15mmol_20C,0.0002765241771126,745.8014682847898,0.3996309639553695,0.0282620470229541,0.1085105039178929,0.99163968993486,1002.7,832.5,0.00102,0.008737,0.00822,20,0.0101,0.241,0.2,1.3
15mmol_20C,0.0002582850600394,745.0187996763756,0.3999061769262118,0.0289811393272097,0.1075683982616681,0.992563843005255,1002.7,832.5,0.00102,0.008737,0.00822,20,0.0101,0.241,0.2,1.3
15mmol_20C,0.0002355186799597,743.4619475728155,0.398521042839716,0.0268179010295398,0.1082872005212255,0.99319614096473,1002.7,832.5,0.00102,0.008737,0.00822,20,0.0101,0.241,0.2,1.3
15mmol_20C,0.0006489548988013,753.8642080906145,0.4996208213761893,0.0249635404393225,0.0994297792008454,0.992166192605805,1002.7,832.5,0.00102,0.008737,0.00822,20,0.0101,0.241,0.2,1.3
15mmol_20C,0.0006118314080746,750.7174399676375,0.5003328097024019,0.0276730020653366,0.0984958639007928,0.992189719182975,1002.7,832.5,0.00102,0.008737,0.00822,20,0.0101,0.241,0.2,1.3
15mmol_20C,0.00051377238691,749.4489111650486,0.5002445128437254,0.0391287369034322,0.1003963494328356,0.992159978422215,1002.7,832.5,0.00102,0.008737,0.00822,20,0.0101,0.241,0.2,1.3
15mmol_20C,0.0004387654769262,759.1621495145631,0.4992590146513724,0.0346259962542877,0.1069996798082473,0.992356877453195,1002.7,832.5,0.00102,0.008737,0.00822,20,0.0101,0.241,0.2,1.3
15mmol_20C,0.0003438998685302,748.5746056634306,0.5006819143529748,0.0304143007285528,0.1095819782373073,0.992930626604525,1002.7,832.5,0.00102,0.008737,0.00822,20,0.0101,0.241,0.2,1.3
15mmol_20C,0.0003107713638878,749.4008474110033,0.5003538759409493,0.0294854803645291,0.1088881196354708,0.99442496694033,1002.7,832.5,0.00102,0.008737,0.00822,20,0.0101,0.241,0.2,1.3
15mmol_20C,0.0003014631514891,751.3954723300972,0.4999201389506975,0.0285391207702396,0.108173760055919,0.99468350830451,1002.7,832.5,0.00102,0.008737,0.00822,20,0.0101,0.241,0.2,1.3
15mmol_20C,0.0004784945075046,1001.0468726537216,0.3000453267093591,0.0359492086605496,0.1031415734424276,0.991231211735215,1002.7,832.5,0.00102,0.008737,0.00822,20,0.0101,0.241,0.2,1.3
15mmol_20C,0.0005027604253344,999.4082097087376,0.299204275609286,0.0345534355220158,0.1018604644779841,0.989898764849505,1002.7,832.5,0.00102,0.008737,0.00822,20,0.0101,0.241,0.2,1.3
15mmol_20C,0.0005174064657245,1011.3914309061488,0.3014944727859925,0.0343236866518759,0.1024613526618982,0.988913334822885,1002.7,832.5,0.00102,0.008737,0.00822,20,0.0101,0.241,0.2,1.3
15mmol_20C,0.0003795193273913,993.057695145631,0.2993560265430994,0.0282444069294696,0.1079568410427826,0.98836410107907,1002.7,832.5,0.00102,0.008737,0.00822,20,0.0101,0.241,0.2,1.3
15mmol_20C,0.0003246135432004,995.5759231391586,0.2988505890257376,0.0277352715044366,0.1090119369268489,0.98900830354456,1002.7,832.5,0.00102,0.008737,0.00822,20,0.0101,0.241,0.2,1.3
15mmol_20C,0.0002922621169877,1003.1418169902914,0.3002954324108351,0.0278349683459988,0.1083356393351131,0.989642005044955,1002.7,832.5,0.00102,0.008737,0.00822,20,0.0101,0.241,0.2,1.3
15mmol_20C,0.0002789120692837,995.938633171521,0.2995122486178372,0.028513479781034,0.1073227907095236,0.98969678353272,1002.7,832.5,0.00102,0.008737,0.00822,20,0.0101,0.241,0.2,1.3
15mmol_20C,0.0004469064985456,1000.5643522653722,0.4011841357302457,0.0385199568600934,0.1005536764732398,0.9887512643885,1002.7,832.5,0.00102,0.008737,0.00822,20,0.0101,0.241,0.2,1.3
15mmol_20C,0.0004509684236119,995.7202563106796,0.4001416689553718,0.0367625804303647,0.0996742576697547,0.985733699202425,1002.7,832.5,0.00102,0.008737,0.00822,20,0.0101,0.241,0.2,1.3
15mmol_20C,0.0004991660613178,1002.972509223301,0.4007266991883721,0.0414385482271387,0.1000509229294983,0.98658754880947,1002.7,832.5,0.00102,0.008737,0.00822,20,0.0101,0.241,0.2,1.3
15mmol_20C,0.0004368924530935,1003.9701362459548,0.3997497587491869,0.0311485384816041,0.1081595814519168,0.988472669224255,1002.7,832.5,0.00102,0.008737,0.00822,20,0.0101,0.241,0.2,1.3
15mmol_20C,0.0003615764066425,1000.6977948220066,0.4007654882265358,0.0298587140525811,0.1092932132282505,0.990574355817995,1002.7,832.5,0.00102,0.008737,0.00822,20,0.0101,0.241,0.2,1.3
15mmol_20C,0.0003401193593309,1003.9034503236248,0.4000966956206965,0.0292137352622967,0.1091382728754501,0.991478083236315,1002.7,832.5,0.00102,0.008737,0.00822,20,0.0101,0.241,0.2,1.3
15mmol_20C,0.0003230245300741,1002.2792268608414,0.4004486375080002,0.0285918610323981,0.1083531547136947,0.991854748972335,1002.7,832.5,0.00102,0.008737,0.00822,20,0.0101,0.241,0.2,1.3
15mmol_20C,0.0005625570694997,1010.2928566343044,0.4998655627603406,0.0335984910986041,0.1006267355059374,0.990840617273905,1002.7,832.5,0.00102,0.008737,0.00822,20,0.0101,0.241,0.2,1.3
15mmol_20C,0.0005788698871527,1014.6055448220066,0.4995843853262768,0.0339461352893226,0.099812217625241,0.991311498469195,1002.7,832.5,0.00102,0.008737,0.00822,20,0.0101,0.241,0.2,1.3
15mmol_20C,0.0006378316002131,994.4936729773464,0.4980141193541495,0.033256760779553,0.1009067225537802,0.991329099464335,1002.7,832.5,0.00102,0.008737,0.00822,20,0.0101,0.241,0.2,1.3
15mmol_20C,0.0005262948212044,1004.8031040453074,0.5000378005996254,0.0380360221412013,0.1019388649980778,0.99130283826405,1002.7,832.5,0.00102,0.008737,0.00822,20,0.0101,0.241,0.2,1.3
15mmol_20C,0.0004585326254906,996.6704993527508,0.4997051726417608,0.0332031243941243,0.1062223933241295,0.99159978460249,1002.7,832.5,0.00102,0.008737,0.00822,20,0.0101,0.241,0.2,1.3
15mmol_20C,0.0004093905651725,1000.7772514563108,0.4996476490331635,0.0285375811942686,0.1079235101575739,0.992275463446455,1002.7,832.5,0.00102,0.008737,0.00822,20,0.0101,0.241,0.2,1.3
15mmol_20C,0.0004142618945353,1006.6231196440132,0.5007902148216578,0.0302788246753246,0.108647545979021,0.9925084982499848,1002.7,832.5,0.00102,0.008737,0.00822,20,0.0101,0.241,0.2,1.3
15mmol_20C,0.0004861613916404,1250.1084517799354,0.2998894935474933,0.0348215998778998,0.1027406090513436,0.98356245994106,1002.7,832.5,0.00102,0.008737,0.00822,20,0.0101,0.241,0.2,1.3
15mmol_20C,0.0004922327598192,1249.8086192556634,0.2999170718242711,0.0357704878746767,0.0999790831403157,0.982583055088675,1002.7,832.5,0.00102,0.008737,0.00822,20,0.0101,0.241,0.2,1.3
15mmol_20C,0.0004896597499404,1248.3490736245956,0.299807559270108,0.0353744839839426,0.0985206375637393,0.98221806199075,1002.7,832.5,0.00102,0.008737,0.00822,20,0.0101,0.241,0.2,1.3
15mmol_20C,0.0004132673799066,1251.8935572815535,0.3000824450508341,0.0310207143784416,0.1049973224979106,0.98212610662703,1002.7,832.5,0.00102,0.008737,0.00822,20,0.0101,0.241,0.2,1.3
15mmol_20C,0.000354726467866,1248.264314886732,0.2996499992122886,0.0301692980910971,0.1066450163190854,0.982496462903945,1002.7,832.5,0.00102,0.008737,0.00822,20,0.0101,0.241,0.2,1.3
15mmol_20C,0.0003086251635954,1250.009063430421,0.3000168475469145,0.0297017215614845,0.1075684968436006,0.98361751808867,1002.7,832.5,0.00102,0.008737,0.00822,20,0.0101,0.241,0.2,1.3
15mmol_20C,0.0002908676685179,1253.2809543689325,0.3005038714825323,0.0312898238961202,0.1054467723036223,0.98433838373522,1002.7,832.5,0.00102,0.008737,0.00822,20,0.0101,0.241,0.2,1.3
15mmol_20C,0.0005314119189693,1257.929748867314,0.4009645878285451,0.0369269926318938,0.1003740309674122,0.98425696972848,1002.7,832.5,0.00102,0.008737,0.00822,20,0.0101,0.241,0.2,1.3
15mmol_20C,0.0004913045774142,1240.1291106796116,0.397832795520592,0.0347224666666666,0.1008670666666666,0.9844262925104,1002.7,832.5,0.00102,0.008737,0.00822,20,0.0101,0.241,0.2,1.3
15mmol_20C,0.0004968213426803,1252.8845663430425,0.3995782678485069,0.0330492,0.1019347999999999,0.984547887501,1002.7,832.5,0.00102,0.008737,0.00822,20,0.0101,0.241,0.2,1.3
15mmol_20C,0.0004643312100543,1255.424561003236,0.3998944338746381,0.0316027064275762,0.1047591530838143,0.984899143041335,1002.7,832.5,0.00102,0.008737,0.00822,20,0.0101,0.241,0.2,1.3
15mmol_20C,0.0004090284703598,1259.034652265372,0.4012671901713452,0.0319788091892955,0.1072793023460798,0.98588495016166,1002.7,832.5,0.00102,0.008737,0.00822,20,0.0101,0.241,0.2,1.3
15mmol_20C,0.0003744408155414,1252.694192394822,0.4004370686574955,0.03079,0.1086201616372053,0.9884041516372252,1002.7,832.5,0.00102,0.008737,0.00822,20,0.0101,0.241,0.2,1.3
15mmol_20C,0.0003382586072831,1243.46817605178,0.3996097225022481,0.0320777077922077,0.1095804188065175,0.989717303535305,1002.7,832.5,0.00102,0.008737,0.00822,20,0.0101,0.241,0.2,1.3
15mmol_20C,0.0005593307682098,1247.756612944984,0.4997730873636098,0.0319875208333333,0.0962502860107485,0.9864067450196576,1002.7,832.5,0.00102,0.008737,0.00822,20,0.0101,0.241,0.2,1.3
15mmol_20C,0.0005614965321859,1255.3617542071197,0.4996923396201123,0.0347212242063492,0.093758707666228,0.983046684861435,1002.7,832.5,0.00102,0.008737,0.00822,20,0.0101,0.241,0.2,1.3
15mmol_20C,0.0005685287870148,1247.2716987055014,0.4999991220334129,0.0380799761904761,0.0934667020232082,0.98324508825888,1002.7,832.5,0.00102,0.008737,0.00822,20,0.0101,0.241,0.2,1.3
15mmol_20C,0.0005599306929753,1251.188593527508,0.5000010548454893,0.033559244582732,0.0955300580759165,0.9842653462654252,1002.7,832.5,0.00102,0.008737,0.00822,20,0.0101,0.241,0.2,1.3
15mmol_20C,0.0004946343925034,1225.59215987055,0.5023587119726112,0.0286257142857142,0.1047159464285714,0.98562894392785,1002.7,832.5,0.00102,0.008737,0.00822,20,0.0101,0.241,0.2,1.3
15mmol_20C,0.0004639317749098,1249.590179611651,0.4996095957245773,0.0275845494674185,0.1054020133928571,0.9882398106239,1002.7,832.5,0.00102,0.008737,0.00822,20,0.0101,0.241,0.2,1.3
15mmol_20C,0.0003341345369813,368.572605987055,0.5869402383408588,0.0250762722660276,0.1024272527984589,0.98996502326599,1002.7,832.5,0.00102,0.008737,0.00822,20,0.0101,0.241,0.2,1.3
15mmol_30C,0.0004270913623207,751.7522530744338,0.3005957847773192,0.0188758322981366,0.1027729614561364,0.991713759093565,1000.0,825.4,0.00082,0.00604,0.00817,30,0.0085,0.2211,0.2,1.3
15mmol_30C,0.0004314907818359,749.9286954692556,0.3007988178038581,0.0203971602772227,0.1033968868893606,0.991996027452665,1000.0,825.4,0.00082,0.00604,0.00817,30,0.0085,0.2211,0.2,1.3
15mmol_30C,0.0003909797531635,750.8672362459547,0.3009274998581045,0.032527309716762,0.1008841132921331,0.991993862940965,1000.0,825.4,0.00082,0.00604,0.00817,30,0.0085,0.2211,0.2,1.3
15mmol_30C,0.0003391830958664,744.8778032362461,0.2981946384828475,0.0262363928765678,0.1039474347040922,0.992419659392555,1000.0,825.4,0.00082,0.00604,0.00817,30,0.0085,0.2211,0.2,1.3
15mmol_30C,0.0002962750189018,745.5112461165046,0.2999664956399676,0.0226318519434269,0.1051095014443427,0.99309731898056,1000.0,825.4,0.00082,0.00604,0.00817,30,0.0085,0.2211,0.2,1.3
15mmol_30C,0.0002760362872038,749.8052391585759,0.2992244458395524,0.0218530495544455,0.1058325717728105,0.99343774733737,1000.0,825.4,0.00082,0.00604,0.00817,30,0.0085,0.2211,0.2,1.3
15mmol_30C,0.0002647629081632,744.8717234627832,0.2993122947585626,0.0220810808344676,0.1042543827310652,0.993498265789495,1000.0,825.4,0.00082,0.00604,0.00817,30,0.0085,0.2211,0.2,1.3
15mmol_30C,0.0004632073835367,747.1977859223301,0.3990641769533428,0.0266067988090192,0.10065338374667,0.99357271420025,1000.0,825.4,0.00082,0.00604,0.00817,30,0.0085,0.2211,0.2,1.3
15mmol_30C,0.0004549875955082,755.1565283171523,0.399257353462719,0.0284051002376708,0.0988518665229677,0.993596995889835,1000.0,825.4,0.00082,0.00604,0.00817,30,0.0085,0.2211,0.2,1.3
15mmol_30C,0.0004362920384451,745.2405593851133,0.398908343469942,0.0363960969462481,0.1007354363870851,0.993720861459375,1000.0,825.4,0.00082,0.00604,0.00817,30,0.0085,0.2211,0.2,1.3
15mmol_30C,0.0003986670952618,745.2404618122978,0.3989133977622545,0.0281737643069893,0.1073194496049321,0.994095268949855,1000.0,825.4,0.00082,0.00604,0.00817,30,0.0085,0.2211,0.2,1.3
15mmol_30C,0.0003365582539961,754.2456339805826,0.4010658918606515,0.0273002641090391,0.1044479371386483,0.9947501453563752,1000.0,825.4,0.00082,0.00604,0.00817,30,0.0085,0.2211,0.2,1.3
15mmol_30C,0.0003097268232073,757.4745813915857,0.3999771990613118,0.0243060245614035,0.1000643991269841,0.994988831796565,1000.0,825.4,0.00082,0.00604,0.00817,30,0.0085,0.2211,0.2,1.3
15mmol_30C,0.0002986020769219,748.0022233009709,0.3991704619678877,0.0240349259700176,0.0997610533695349,0.995035606216065,1000.0,825.4,0.00082,0.00604,0.00817,30,0.0085,0.2211,0.2,1.3
15mmol_30C,0.0005855692261787,747.4017407766991,0.5013285851265992,0.0357600993589743,0.0920894536404336,0.99474722819894,1000.0,825.4,0.00082,0.00604,0.00817,30,0.0085,0.2211,0.2,1.3
15mmol_30C,0.0005408515577964,748.8905590614886,0.5013709782323609,0.0400509422466422,0.0927836328344803,0.99499758203553,1000.0,825.4,0.00082,0.00604,0.00817,30,0.0085,0.2211,0.2,1.3
15mmol_30C,0.0005252629562474,748.3448713592235,0.4994546043042226,0.0464775185344978,0.0936272636477901,0.99508973226697,1000.0,825.4,0.00082,0.00604,0.00817,30,0.0085,0.2211,0.2,1.3
15mmol_30C,0.0004627635525306,745.8762555016181,0.5006161939249868,0.0438557420664131,0.0935540203345874,0.995112692432745,1000.0,825.4,0.00082,0.00604,0.00817,30,0.0085,0.2211,0.2,1.3
15mmol_30C,0.0003652349897906,748.8571344660196,0.5002788813694293,0.0274261269841269,0.1015487455205811,0.995864896015355,1000.0,825.4,0.00082,0.00604,0.00817,30,0.0085,0.2211,0.2,1.3
15mmol_30C,0.0003272770673782,750.0605118122977,0.499916718946949,0.0252662042493901,0.1103543878487563,0.996536433611935,1000.0,825.4,0.00082,0.00604,0.00817,30,0.0085,0.2211,0.2,1.3
15mmol_30C,0.0003148752893119,750.4453315533981,0.5000305646279545,0.0248891844237171,0.1097274088385206,0.996817942233595,1000.0,825.4,0.00082,0.00604,0.00817,30,0.0085,0.2211,0.2,1.3
15mmol_30C,0.0005331434230739,994.1230711974112,0.2984869428425758,0.0361461571066829,0.1029553488216413,0.99474271109119,1000.0,825.4,0.00082,0.00604,0.00817,30,0.0085,0.2211,0.2,1.3
15mmol_30C,0.00051531043477,1000.6404372168286,0.2998501876563298,0.0374390836104553,0.1023159147399863,0.993319440739545,1000.0,825.4,0.00082,0.00604,0.00817,30,0.0085,0.2211,0.2,1.3
15mmol_30C,0.0004779534692433,1001.2921626213592,0.3000605466057129,0.0316185613347146,0.1057854758793058,0.99232384274963,1000.0,825.4,0.00082,0.00604,0.00817,30,0.0085,0.2211,0.2,1.3
15mmol_30C,0.0003614598459393,1000.3723600323624,0.2999675917530241,0.0241922929824561,0.1097055496246129,0.9915894322548652,1000.0,825.4,0.00082,0.00604,0.00817,30,0.0085,0.2211,0.2,1.3
15mmol_30C,0.0002961497346502,995.3970828478964,0.2992716962627139,0.0260106752645502,0.1090826562970957,0.99186585735738,1000.0,825.4,0.00082,0.00604,0.00817,30,0.0085,0.2211,0.2,1.3
15mmol_30C,0.0002653916303315,1002.9616088996764,0.3008785293630532,0.0243063095940382,0.1091134913646526,0.99228384430009,1000.0,825.4,0.00082,0.00604,0.00817,30,0.0085,0.2211,0.2,1.3
15mmol_30C,0.0002543479356237,908.353741262136,0.277187066873897,0.023473472708251,0.1039709416429371,0.99263151482938,1000.0,825.4,0.00082,0.00604,0.00817,30,0.0085,0.2211,0.2,1.3
15mmol_30C,0.0005510054903995,1006.7661578478966,0.4012057525033918,0.0377120637838137,0.104700250545658,0.992364597544925,1000.0,825.4,0.00082,0.00604,0.00817,30,0.0085,0.2211,0.2,1.3
15mmol_30C,0.00056732097963,1006.7843572815532,0.4016029513627892,0.041222266893424,0.1052065426695526,0.99234115637655,1000.0,825.4,0.00082,0.00604,0.00817,30,0.0085,0.2211,0.2,1.3
15mmol_30C,0.0005320174061118,999.2980436084142,0.4002264386297282,0.0341292826489221,0.1106099669434406,0.992338949006285,1000.0,825.4,0.00082,0.00604,0.00817,30,0.0085,0.2211,0.2,1.3
15mmol_30C,0.0004226850054086,997.237471952535,0.3998173422879423,0.0254618501695946,0.1134270054922764,0.992562900116825,1000.0,825.4,0.00082,0.00604,0.00817,30,0.0085,0.2211,0.2,1.3
15mmol_30C,0.0003251528546192,995.6894686084144,0.3990274061015521,0.0299379523809523,0.1115440489993098,0.99391332570805,1000.0,825.4,0.00082,0.00604,0.00817,30,0.0085,0.2211,0.2,1.3
15mmol_30C,0.0003003335845115,997.1635637540452,0.3997913320360144,0.0251110344237547,0.1113642074401462,0.994454616125595,1000.0,825.4,0.00082,0.00604,0.00817,30,0.0085,0.2211,0.2,1.3
15mmol_30C,0.0002868252443747,999.3226440129451,0.3998352141444431,0.0244404459182021,0.1108266516246747,0.994930574364995,1000.0,825.4,0.00082,0.00604,0.00817,30,0.0085,0.2211,0.2,1.3
15mmol_30C,0.0006596217326301,1000.12985776699,0.4996521171368232,0.0389393301669484,0.1037552230766918,0.99410157655895,1000.0,825.4,0.00082,0.00604,0.00817,30,0.0085,0.2211,0.2,1.3
15mmol_30C,0.0006429602372548,1008.9897056634304,0.499187525574515,0.0372888684782608,0.1064073224338624,0.99444200429909,1000.0,825.4,0.00082,0.00604,0.00817,30,0.0085,0.2211,0.2,1.3
15mmol_30C,0.0006366580478799,670.8158676375405,0.5333258198474916,0.0368550767094017,0.1040403275990295,0.99443372303766,1000.0,825.4,0.00082,0.00604,0.00817,30,0.0085,0.2211,0.2,1.3
15mmol_30C,0.0006373838776658,991.4772422330096,0.4997412314129041,0.0392447381881586,0.1059754605176767,0.994290842757005,1000.0,825.4,0.00082,0.00604,0.00817,30,0.0085,0.2211,0.2,1.3
15mmol_30C,0.0006194485205768,1005.284653883495,0.5002627744805999,0.0340164987389924,0.1099776605704018,0.993973188023295,1000.0,825.4,0.00082,0.00604,0.00817,30,0.0085,0.2211,0.2,1.3
15mmol_30C,0.000498601592079,998.5434244336572,0.5002797194049534,0.0239329392997199,0.1142229440336134,0.994195786776525,1000.0,825.4,0.00082,0.00604,0.00817,30,0.0085,0.2211,0.2,1.3
15mmol_30C,0.0003690423438081,1003.3360080906148,0.5003057750682359,0.026483,0.1165109788524368,0.99498788983314,1000.0,825.4,0.00082,0.00604,0.00817,30,0.0085,0.2211,0.2,1.3
15mmol_30C,0.0003219021977675,1000.3039485436892,0.5001341498923121,0.0292928080128205,0.1152132198664834,0.995504419716845,1000.0,825.4,0.00082,0.00604,0.00817,30,0.0085,0.2211,0.2,1.3
15mmol_30C,0.0003091864797218,1000.499367961165,0.4997515816588579,0.0249392335164834,0.1143098111880086,0.996219728550025,1000.0,825.4,0.00082,0.00604,0.00817,30,0.0085,0.2211,0.2,1.3
15mmol_30C,0.0004851289926018,1250.05600210356,0.3000798596244441,0.0290197958636135,0.1138109901755488,0.992733824390735,1000.0,825.4,0.00082,0.00604,0.00817,30,0.0085,0.2211,0.2,1.3
15mmol_30C,0.0004742880582067,1250.0886849514568,0.3000128179184423,0.031406065577342,0.1130811724947522,0.99108815015358,1000.0,825.4,0.00082,0.00604,0.00817,30,0.0085,0.2211,0.2,1.3
15mmol_30C,0.0004583288658239,1249.4826964401295,0.299832003475277,0.0274703169642857,0.1134576609159704,0.98981660128038,1000.0,825.4,0.00082,0.00604,0.00817,30,0.0085,0.2211,0.2,1.3
15mmol_30C,0.0003958082835891,1250.036403721683,0.2999958697062537,0.0259096834939699,0.1154897179735194,0.9900563184844752,1000.0,825.4,0.00082,0.00604,0.00817,30,0.0085,0.2211,0.2,1.3
15mmol_30C,0.0003378075310649,1250.049678640777,0.2998445454299479,0.0267343905860699,0.1145658625706068,0.990812667322825,1000.0,825.4,0.00082,0.00604,0.00817,30,0.0085,0.2211,0.2,1.3
15mmol_30C,0.0002949965720258,1250.1007276699029,0.2999949740793743,0.0260319899999999,0.1134848380587856,0.991483638199675,1000.0,825.4,0.00082,0.00604,0.00817,30,0.0085,0.2211,0.2,1.3
15mmol_30C,0.0002773842504635,1250.2227907766994,0.2999658060988566,0.0254720348595892,0.110792153443572,0.991875739185795,1000.0,825.4,0.00082,0.00604,0.00817,30,0.0085,0.2211,0.2,1.3
15mmol_30C,0.0005136684980365,1259.879786084142,0.4018129288793514,0.0289768544006544,0.1082002689153738,0.991254269643185,1000.0,825.4,0.00082,0.00604,0.00817,30,0.0085,0.2211,0.2,1.3
15mmol_30C,0.0005311503398009,1258.650271682848,0.4007580261027036,0.0301655364367255,0.1080541693541912,0.990585272727005,1000.0,825.4,0.00082,0.00604,0.00817,30,0.0085,0.2211,0.2,1.3
15mmol_30C,0.0005089706206389,1251.0658063106794,0.3998010881227121,0.0281914629252585,0.109044107779032,0.990818874723045,1000.0,825.4,0.00082,0.00604,0.00817,30,0.0085,0.2211,0.2,1.3
15mmol_30C,0.0004350913113017,1249.437582524272,0.3997908999311285,0.0269279006028049,0.1119625842896393,0.991587830762875,1000.0,825.4,0.00082,0.00604,0.00817,30,0.0085,0.2211,0.2,1.3
15mmol_30C,0.0003616981797417,1246.2473626213591,0.3998927971124799,0.0295476152008817,0.1155462479511409,0.992665023135505,1000.0,825.4,0.00082,0.00604,0.00817,30,0.0085,0.2211,0.2,1.3
15mmol_30C,0.0003317506185103,1254.3433485436892,0.3997596474926899,0.0285810510456549,0.1161019961546786,0.99376472118812,1000.0,825.4,0.00082,0.00604,0.00817,30,0.0085,0.2211,0.2,1.3
15mmol_30C,0.0003089071985156,1245.592316828479,0.3997548546618019,0.0222028,0.1164570772354062,0.99449141621618,1000.0,825.4,0.00082,0.00604,0.00817,30,0.0085,0.2211,0.2,1.3
15mmol_30C,0.0005492215304736,1261.5673794498384,0.4998004822579021,0.030615774364926,0.105765604616379,0.99262869294746,1000.0,825.4,0.00082,0.00604,0.00817,30,0.0085,0.2211,0.2,1.3
15mmol_30C,0.0005531629941571,1246.38316407767,0.5003289743172217,0.0311537707196031,0.1056086672986436,0.990617744102525,1000.0,825.4,0.00082,0.00604,0.00817,30,0.0085,0.2211,0.2,1.3
15mmol_30C,0.0005535721672974,1251.0622296116503,0.4999586394525829,0.0299112264870883,0.1078658484979467,0.991520346714765,1000.0,825.4,0.00082,0.00604,0.00817,30,0.0085,0.2211,0.2,1.3
15mmol_30C,0.0005145991416185,1273.9675666666665,0.4992488974265485,0.0277262240428205,0.1108976391608902,0.99253993995105,1000.0,825.4,0.00082,0.00604,0.00817,30,0.0085,0.2211,0.2,1.3
15mmol_30C,0.0004247074460177,1251.429513592233,0.4998937103807532,0.0283822448555717,0.1164053124401442,0.994016111338645,1000.0,825.4,0.00082,0.00604,0.00817,30,0.0085,0.2211,0.2,1.3
15mmol_30C,0.0003688468886881,1212.9344453074436,0.4976927662097752,0.0221752717948718,0.1154195684773328,0.99505292508468,1000.0,825.4,0.00082,0.00604,0.00817,30,0.0085,0.2211,0.2,1.3
15mmol_30C,0.000330559612318,904.3523669902912,0.5937490230931182,0.031967387710084,0.1234600117664035,0.996064802545925,1000.0,825.4,0.00082,0.00604,0.00817,30,0.0085,0.2211,0.2,1.3
ye,0.00018,160.0,0.2,0.04,0.1,0.995721925,998.29,819.72,0.00102,0.00973,0.036,20,0.00975,0.2495,0.15,0.56
ye,0.0002,160.0,0.2,0.04,0.1,0.995721925,998.29,819.72,0.00102,0.00973,0.036,20,0.00975,0.2495,0.15,0.56
ye,0.00025,160.0,0.2,0.04,0.1,0.995721925,998.29,819.72,0.00102,0.00973,0.036,20,0.00975,0.2495,0.15,0.56
ye,0.0003,160.0,0.2,0.04,0.1,0.996256684,998.29,819.72,0.00102,0.00973,0.036,20,0.00975,0.2495,0.15,0.56
ye,0.00035,160.0,0.2,0.04,0.1,0.996256684,998.29,819.72,0.00102,0.00973,0.036,20,0.00975,0.2495,0.15,0.56
ye,0.00018,200.0,0.2,0.04,0.1,0.950802139,998.29,819.72,0.00102,0.00973,0.036,20,0.00975,0.2495,0.15,0.56
ye,0.0002,200.0,0.2,0.04,0.1,0.989304813,998.29,819.72,0.00102,0.00973,0.036,20,0.00975,0.2495,0.15,0.56
ye,0.00025,200.0,0.2,0.04,0.1,0.993582888,998.29,819.72,0.00102,0.00973,0.036,20,0.00975,0.2495,0.15,0.56
ye,0.0003,200.0,0.2,0.04,0.1,0.995187166,998.29,819.72,0.00102,0.00973,0.036,20,0.00975,0.2495,0.15,0.56
ye,0.00035,200.0,0.2,0.04,0.1,0.997326203,998.29,819.72,0.00102,0.00973,0.036,20,0.00975,0.2495,0.15,0.56
ye,0.00018,200.0,0.1,0.04,0.1,0.962433862,998.29,819.72,0.00102,0.00973,0.036,20,0.00975,0.2495,0.15,0.56
ye,0.00018,240.0,0.2,0.04,0.1,0.74973262,998.29,819.72,0.00102,0.00973,0.036,20,0.00975,0.2495,0.15,0.56
ye,0.0002,240.0,0.2,0.04,0.1,0.974331551,998.29,819.72,0.00102,0.00973,0.036,20,0.00975,0.2495,0.15,0.56
ye,0.00025,240.0,0.2,0.04,0.1,0.986096257,998.29,819.72,0.00102,0.00973,0.036,20,0.00975,0.2495,0.15,0.56
ye,0.0003,240.0,0.2,0.04,0.1,0.99144385,998.29,819.72,0.00102,0.00973,0.036,20,0.00975,0.2495,0.15,0.56
ye,0.00035,240.0,0.2,0.04,0.1,0.995187166,998.29,819.72,0.00102,0.00973,0.036,20,0.00975,0.2495,0.15,0.56
ye,0.00018,240.0,0.05,0.04,0.1,0.93015873,998.29,819.72,0.00102,0.00973,0.036,20,0.00975,0.2495,0.15,0.56
ye,0.0002,240.0,0.05,0.04,0.1,0.94973545,998.29,819.72,0.00102,0.00973,0.036,20,0.00975,0.2495,0.15,0.56
ye,0.00025,240.0,0.05,0.04,0.1,0.975661376,998.29,819.72,0.00102,0.00973,0.036,20,0.00975,0.2495,0.15,0.56
ye,0.0003,240.0,0.05,0.04,0.1,0.987830688,998.29,819.72,0.00102,0.00973,0.036,20,0.00975,0.2495,0.15,0.56
ye,0.00035,240.0,0.05,0.04,0.1,0.995238095,998.29,819.72,0.00102,0.00973,0.036,20,0.00975,0.2495,0.15,0.56
ye,0.00018,240.0,0.1,0.04,0.1,0.927513228,998.29,819.72,0.00102,0.00973,0.036,20,0.00975,0.2495,0.15,0.56
ye,0.00018,280.0,0.2,0.04,0.1,0.64973262,998.29,819.72,0.00102,0.00973,0.036,20,0.00975,0.2495,0.15,0.56
ye,0.0002,280.0,0.2,0.04,0.1,0.91657754,998.29,819.72,0.00102,0.00973,0.036,20,0.00975,0.2495,0.15,0.56
ye,0.00025,280.0,0.2,0.04,0.1,0.977540107,998.29,819.72,0.00102,0.00973,0.036,20,0.00975,0.2495,0.15,0.56
ye,0.0003,280.0,0.2,0.04,0.1,0.987165775,998.29,819.72,0.00102,0.00973,0.036,20,0.00975,0.2495,0.15,0.56
ye,0.00035,280.0,0.2,0.04,0.1,0.992513369,998.29,819.72,0.00102,0.00973,0.036,20,0.00975,0.2495,0.15,0.56
ye,0.00018,280.0,0.05,0.04,0.1,0.894708995,998.29,819.72,0.00102,0.00973,0.036,20,0.00975,0.2495,0.15,0.56
ye,0.0002,280.0,0.05,0.04,0.1,0.912169312,998.29,819.72,0.00102,0.00973,0.036,20,0.00975,0.2495,0.15,0.56
ye,0.00025,280.0,0.05,0.04,0.1,0.961375661,998.29,819.72,0.00102,0.00973,0.036,20,0.00975,0.2495,0.15,0.56
ye,0.0003,280.0,0.05,0.04,0.1,0.981481481,998.29,819.72,0.00102,0.00973,0.036,20,0.00975,0.2495,0.15,0.56
ye,0.00035,280.0,0.05,0.04,0.1,0.98994709,998.29,819.72,0.00102,0.00973,0.036,20,0.00975,0.2495,0.15,0.56
ye,0.00018,280.0,0.1,0.04,0.1,0.898941799,998.29,819.72,0.00102,0.00973,0.036,20,0.00975,0.2495,0.15,0.56
